{"cameraMode":{"drawMode":0,"name":"Shaded","section":"Shading Mode"},"sceneLighting":true,"audioPlay":false,"sceneViewState":{"m_AlwaysRefresh":false,"showFog":true,"showSkybox":true,"showFlares":true,"showImageEffects":true,"showParticleSystems":true,"showVisualEffectGraphs":true,"m_FxEnabled":true},"in2DMode":false,"pivot":{"x":7.496628284454346,"y":4.931683540344238,"z":-122.77883911132813},"rotation":{"x":-0.03291996940970421,"y":0.07652144879102707,"z":-0.002550181234255433,"w":-0.997022807598114},"size":1.9125988483428956,"orthographic":false}